City_ID,City,Lat,Lng,Max Temp,Humidity,Cloudiness,Wind Speed,Country,Date
0,Edinburgh of the Seven Seas,-37.0676,-12.3116,59.79,79,100,32.39,SH,1687724200
1,Adamstown,-25.066,-130.1015,72.64,80,53,16.71,PN,1687724202
2,Albany,42.6001,-73.9662,88.88,62,24,1.01,US,1687724159
3,Vorgashor,67.5833,63.95,50.0,69,87,5.23,RU,1687724204
4,Bredasdorp,-34.5322,20.0403,54.52,94,100,11.16,ZA,1687724205
5,Timimoun,29.2639,0.231,98.98,7,0,17.27,DZ,1687724207
6,Hammerfest,70.6634,23.6821,48.65,81,40,8.05,NO,1687724208
7,Cromer,52.9312,1.2989,77.0,59,20,20.0,GB,1687724209
8,Berdigestyakh,62.0989,126.6992,67.1,75,7,1.97,RU,1687724210
9,Mozarlândia,-14.7447,-50.5706,87.91,24,100,2.01,BR,1687723942
10,Iskateley,67.6803,53.1512,48.7,79,79,9.48,RU,1687724212
11,Bethel,41.3712,-73.414,84.04,67,0,10.36,US,1687724214
12,Nova Xavantina,-14.6667,-52.35,84.94,30,100,4.05,BR,1687724215
13,Ancud,-41.8697,-73.8203,50.43,85,45,25.88,CL,1687724216
14,Zag,46.9441,99.165,48.65,39,8,0.25,MN,1687724217
15,Badger,64.8,-147.5333,74.52,50,75,4.61,US,1687724219
16,Invercargill,-46.4,168.35,46.74,96,100,5.48,NZ,1687724220
17,Ushuaia,-54.8,-68.3,35.26,80,100,2.3,AR,1687724117
18,West Island,-12.1568,96.8225,78.78,78,40,8.05,CC,1687724222
19,Grytviken,-54.2811,-36.5092,29.79,83,57,15.9,GS,1687724224
20,Port-aux-Français,-49.35,70.2167,34.79,93,100,32.41,TF,1687724225
21,Isafjordur,66.0755,-23.124,54.5,84,79,12.21,IS,1687724227
22,Akjoujt,19.6969,-14.4164,98.28,13,5,12.53,MR,1687724228
23,Papatowai,-46.5619,169.4708,48.13,91,100,3.38,NZ,1687724229
24,Puerto Natales,-51.7236,-72.4875,30.65,100,100,4.61,CL,1687724230
25,Al Qābil,22.571,58.6947,82.26,70,29,4.52,OM,1687724232
26,Koppies,-27.2418,27.5742,53.2,32,0,6.51,ZA,1687724234
27,Birjand,32.8663,59.2211,75.67,22,40,18.41,IR,1687724236
28,Vavuniya,8.7514,80.4971,78.4,80,100,9.89,LK,1687724237
29,Roses,42.262,3.1769,82.58,51,0,4.0,ES,1687724239
30,Vernon,50.2581,-119.2691,79.75,42,15,4.61,CA,1687724241
31,Libreville,0.3925,9.4537,76.15,76,11,6.4,GA,1687724242
32,Lorengau,-2.0226,147.2712,81.28,80,93,10.83,PG,1687724243
33,Petropavlovsk-Kamchatskiy,53.0452,158.6483,55.99,82,0,6.71,RU,1687724244
34,Linxia Chengguanzhen,35.6003,103.2064,54.32,75,0,4.23,CN,1687724245
35,Tazovsky,67.4667,78.7,42.53,77,3,0.54,RU,1687724247
36,Keflavik,64.0049,-22.5624,46.83,87,100,8.05,IS,1687724248
37,Fale old settlement,-9.3852,-171.2468,83.88,70,54,12.03,TK,1687724250
38,Tura,25.5198,90.2201,75.49,92,40,5.93,IN,1687723808
39,Bilibino,68.0546,166.4372,60.87,61,72,3.11,RU,1687724252
40,Lavaca,28.615,-96.6261,100.31,64,40,13.8,US,1687724254
41,Berezovyy,51.6667,135.7,62.13,81,63,1.97,RU,1687724255
42,Saipan,15.1355,145.701,83.1,100,40,13.8,MP,1687724152
43,Talara,-4.5772,-81.2719,84.96,58,0,13.8,PE,1687724258
44,Nikolayevsk-on-Amur,53.1406,140.73,60.71,97,97,2.44,RU,1687724260
45,Hojāi,26.0,92.8667,78.6,93,91,3.13,IN,1687724261
46,Blackmans Bay,-43.0167,147.3167,42.93,92,16,7.0,AU,1687724262
47,Praia da Vitória,38.7333,-27.0667,71.85,78,40,0.11,PT,1687724264
48,Aasiaat,68.7098,-52.8699,37.18,81,27,5.7,GL,1687724265
49,Shimoda,34.6667,138.95,71.1,82,100,2.75,JP,1687724266
50,Port Saint John's,-31.6229,29.5448,65.35,85,89,6.85,ZA,1687724267
51,Port Mathurin,-19.6833,63.4167,72.68,65,0,11.03,MU,1687724268
52,Anadyr,64.75,177.4833,57.7,62,0,4.47,RU,1687724269
53,Atafu Village,-8.5421,-172.5159,84.18,71,10,13.38,TK,1687724271
54,Pakość,52.8018,18.0853,71.35,62,89,5.17,PL,1687724272
55,Ergani,38.2653,39.7621,79.57,26,0,4.52,TR,1687724274
56,Laikit,1.4792,124.9735,70.65,100,40,1.14,ID,1687724276
57,Sijunjung,-0.6876,100.9537,71.98,99,100,1.28,ID,1687724277
58,Avarua,-21.2078,-159.775,78.85,94,0,5.75,CK,1687724009
59,Ust-Nera,64.5667,143.2,78.46,37,64,2.95,RU,1687724279
60,Thompson,55.7435,-97.8558,53.76,76,75,9.22,CA,1687724280
61,Whakatane,-37.9585,176.9854,50.5,91,22,5.82,NZ,1687724281
62,Afaahiti,-17.75,-149.2833,82.27,81,0,17.0,PF,1687724283
63,Necochea,-38.5473,-58.7368,54.64,59,100,6.31,AR,1687724237
64,Springs,-26.25,28.4,53.67,33,0,4.54,ZA,1687724286
65,Dzhalagash,45.0833,64.6667,71.73,25,9,5.06,KZ,1687724287
66,Udachny,66.4167,112.4,55.45,66,99,9.57,RU,1687724288
67,Quellón,-43.1167,-73.6167,48.45,93,75,10.36,CL,1687724289
68,Machico,32.7,-16.7667,75.83,75,40,20.71,PT,1687724290
69,Valdez,1.2492,-78.9831,80.76,80,100,11.9,EC,1687724292
70,Ribeira Grande,38.5167,-28.7,70.2,83,75,4.61,PT,1687724293
71,Brisas de Zicatela,15.8369,-97.0419,90.12,55,100,14.97,MX,1687724294
72,Chegutu,-18.1302,30.1407,54.19,37,0,5.82,ZW,1687724296
73,Babayevo,59.3936,35.9371,56.59,72,30,3.02,RU,1687724297
74,Yellowknife,62.456,-114.3525,61.32,44,20,16.11,CA,1687724298
75,Yelizovo,53.1873,158.3805,57.34,82,0,7.0,RU,1687724300
76,Stanley,54.868,-1.6985,60.71,92,20,3.44,GB,1687724301
77,San Felipe,10.3399,-68.7425,92.03,44,100,4.5,VE,1687724302
78,Maxixe,-23.8597,35.3472,62.69,85,0,4.76,MZ,1687723972
79,Whangarei,-35.7317,174.3239,55.06,96,90,0.94,NZ,1687724304
80,Dawson Creek,55.7666,-120.2362,69.44,64,20,5.75,CA,1687724046
81,Castillos,-34.1667,-53.8333,57.58,84,40,5.61,UY,1687724307
82,Wailua Homesteads,22.0669,-159.378,81.39,74,100,20.71,US,1687724308
83,Lebu,-37.6167,-73.65,55.24,87,11,16.22,CL,1687724175
84,Peace River,56.2501,-117.286,61.11,82,100,5.75,CA,1687724311
85,Gadzhiyevo,69.2551,33.3362,47.89,95,79,12.46,RU,1687724312
86,Waitangi,-43.9535,-176.5597,51.82,90,100,7.0,NZ,1687724313
87,Selfoss,63.9331,-20.9971,45.05,92,100,9.95,IS,1687724314
88,Klaksvík,62.2266,-6.589,54.52,96,100,7.65,FO,1687724315
89,Margaret River,-33.95,115.0667,45.7,85,71,8.77,AU,1687724317
90,Mogocha,53.7333,119.7667,51.48,97,99,1.92,RU,1687724318
91,Atherton,53.5237,-2.4935,64.54,88,50,1.01,GB,1687724319
92,Xilin Hot,43.9667,116.0333,70.14,47,100,9.15,CN,1687724321
93,Tiksi,71.6872,128.8694,44.11,73,22,8.3,RU,1687724322
94,Tommot,58.9564,126.2925,60.8,88,100,2.93,RU,1687724323
95,Port Elizabeth,-33.918,25.5701,57.49,99,100,6.91,ZA,1687724324
96,Songjiang,31.036,121.2146,80.06,91,100,5.37,CN,1687724326
97,New Norfolk,-42.7826,147.0587,44.1,96,7,3.62,AU,1687724327
98,Utrik,11.2278,169.8474,82.49,76,82,19.3,MH,1687724328
99,Hermanus,-34.4187,19.2345,53.8,90,99,14.0,ZA,1687724329
100,Qaqortoq,60.7167,-46.0333,41.04,76,0,8.84,GL,1687724331
101,Port Alfred,-33.5906,26.891,58.17,94,100,5.99,ZA,1687724332
102,Ashland,40.8167,-82.2665,84.97,59,100,14.29,US,1687724209
103,Ilulissat,69.2167,-51.1,42.82,70,74,6.91,GL,1687724335
104,Port Macquarie,-31.4333,152.9167,49.24,58,11,7.02,AU,1687724336
105,Lázaro Cárdenas,17.9583,-102.2,87.93,61,80,11.43,MX,1687724112
106,Ugoofaaru,5.6667,73.0,81.79,75,100,11.59,MV,1687724338
107,La Passe,45.5549,-0.8967,71.83,88,0,12.15,FR,1687724339
108,Ujae,8.9322,165.7642,82.69,80,56,17.4,MH,1687724340
109,Manatí,18.4275,-66.4921,87.28,79,90,15.35,PR,1687724342
110,Tsiombe,-25.3,45.4833,59.14,71,2,1.79,MG,1687724345
111,Philadelphia,39.9523,-75.1638,88.0,63,75,13.8,US,1687724176
112,Rémire-Montjoly,4.9167,-52.2667,82.44,74,20,6.91,GF,1687724347
113,Arnö,60.1167,18.6333,58.78,83,0,3.0,SE,1687724348
114,Summerside,46.3959,-63.7876,68.68,94,100,13.8,CA,1687724349
115,Cockburn Town,21.4612,-71.1419,83.28,75,95,17.16,TC,1687724350
116,Guerrero Negro,27.9769,-114.0611,73.11,56,6,20.13,MX,1687724351
117,Tromsø,69.6496,18.957,51.82,82,75,3.44,NO,1687724353
118,Zaragoza,41.6561,-0.8773,92.8,30,20,6.91,ES,1687724354
119,Beryozovo,63.9381,65.0419,45.39,64,94,4.45,RU,1687724356
120,Bubaque,11.2833,-15.8333,81.39,79,94,10.04,GW,1687724357
121,Abingdon,51.6711,-1.2828,68.27,62,20,13.8,GB,1687724358
122,Florø,61.5996,5.0328,72.23,82,0,5.75,NO,1687724360
123,Arhribs,36.7936,4.3116,67.87,68,0,3.11,DZ,1687724361
124,Olonkinbyen,70.9221,-8.7187,42.55,98,89,10.83,SJ,1687724362
125,Hasaki,35.7333,140.8333,72.21,91,43,3.76,JP,1687724200
126,Iqaluit,63.7506,-68.5145,49.73,61,75,17.27,CA,1687724364
127,Dudinka,69.4058,86.1778,51.62,62,86,6.53,RU,1687724366
128,Ålesund,62.4723,6.1549,66.99,82,0,3.44,NO,1687724367
129,Lagoa,39.05,-27.9833,69.87,72,100,3.91,PT,1687724369
130,Haiku-Pauwela,20.9219,-156.3051,82.42,45,20,21.85,US,1687724370
131,College,64.8569,-147.8028,74.59,50,75,4.61,US,1687724371
132,Talcahuano,-36.7167,-73.1167,58.68,94,75,13.8,CL,1687724372
133,Hawaiian Paradise Park,19.5933,-154.9731,81.03,71,75,12.66,US,1687724373
134,Camabatela,-8.1881,15.375,62.76,57,19,1.77,AO,1687724374
135,Hamilton,39.1834,-84.5333,88.88,58,40,17.27,US,1687724116
136,Chernyshevskiy,63.0128,112.4714,58.53,58,100,6.76,RU,1687724377
137,Lihue,21.9789,-159.3672,81.99,66,100,20.71,US,1687724378
138,Fort-Shevchenko,44.5086,50.263,74.73,75,22,14.34,KZ,1687724380
139,Vilyuchinsk,52.9306,158.4028,57.47,78,23,0.87,RU,1687724381
140,Mata-Utu,-13.2816,-176.1745,81.27,69,7,7.76,WF,1687724382
141,Zhympīty,50.2536,52.595,57.72,70,0,11.5,KZ,1687724383
142,Kavaratti,10.5669,72.642,83.93,75,100,18.72,IN,1687724384
143,Puerto Ayora,-0.7393,-90.3518,79.56,87,92,7.0,EC,1687724386
144,Nagato,34.3833,131.2,71.62,95,100,7.96,JP,1687724387
145,Mabaruma,8.2,-59.7833,84.78,70,46,6.42,GY,1687724369
146,Metro,-5.1131,105.3067,73.8,95,23,4.97,ID,1687724390
147,Caucayá,-0.1934,-74.7819,80.04,84,100,0.83,CO,1687724391
148,Pacasmayo,-7.4006,-79.5714,74.93,71,76,12.93,PE,1687724393
149,George Town,5.4112,100.3354,80.53,90,20,2.3,MY,1687724370
150,Karratha,-20.7377,116.8463,64.17,59,55,7.76,AU,1687724395
151,Nagqu Prefecture,31.5,92.0,40.82,39,0,4.99,CN,1687724396
152,Jiwani,25.05,61.7417,84.81,74,100,10.07,PK,1687724397
153,Cole Harbour,44.6724,-63.4751,72.79,73,100,8.05,CA,1687724398
154,Nogliki,51.8333,143.1667,54.77,98,100,2.98,RU,1687724399
155,Kapaa,22.0752,-159.319,82.72,73,100,20.71,US,1687724401
156,Ghadames,30.1337,9.5007,94.42,12,0,5.88,LY,1687724402
157,Sungai Penuh,-2.0833,101.3833,63.57,97,100,1.77,ID,1687724404
158,Al Ghayzah,16.2079,52.176,84.96,73,61,6.15,YE,1687724405
159,Nizhnesortymskiy,62.4397,71.7603,42.51,91,53,7.31,RU,1687724237
160,Zabul Province,32.25,67.25,78.66,34,95,5.95,AF,1687724407
161,Naryan-Mar,67.6713,53.087,49.05,80,80,9.53,RU,1687724408
162,Ixtapa,20.7,-105.2,89.22,70,20,14.97,MX,1687724410
163,Island Harbour,50.724,-1.2758,68.47,82,4,5.01,GB,1687724411
164,Sarangani,5.4033,125.4636,83.55,75,49,12.01,PH,1687724412
165,Khandyga,62.6667,135.6,69.96,65,0,1.59,RU,1687724414
166,Fort Bragg,35.139,-79.006,93.2,52,0,4.0,US,1687724415
167,Port Blair,11.6667,92.75,82.27,82,100,11.21,IN,1687724417
168,Aral,40.5156,81.2636,80.51,24,96,14.54,CN,1687724418
169,Champerico,14.3,-91.9167,91.94,60,92,6.35,GT,1687724419
170,Mount Gambier,-37.8333,140.7667,51.98,75,58,13.29,AU,1687724420
171,Mugia,43.1041,-9.2179,69.91,88,41,13.33,ES,1687724421
172,Hithadhoo,-0.6,73.0833,81.81,76,100,8.52,MV,1687724423
173,Wakkanai,45.4094,141.6739,61.02,96,40,16.78,JP,1687724424
174,Piaçabuçu,-10.4056,-36.4344,76.35,78,62,10.49,BR,1687724425
175,Pacific Grove,36.6177,-121.9166,73.02,72,75,10.36,US,1687724427
176,Sinop Province,41.7711,34.8709,65.35,74,0,4.79,TR,1687724428
177,Central,30.5544,-91.0368,97.97,58,0,11.5,US,1687724429
178,Marabá,-5.3686,-49.1178,91.58,49,20,3.44,BR,1687724253
179,Roboré,-18.3333,-59.75,88.48,36,1,6.42,BO,1687724433
180,Sebring,27.4956,-81.4409,91.74,68,99,1.99,US,1687724241
181,Saurimo,-9.6608,20.3916,61.65,38,0,3.6,AO,1687724435
182,San Luis de la Loma,17.2706,-100.8939,87.51,65,85,11.1,MX,1687724436
183,Flying Fish Cove,-10.4217,105.6791,76.68,88,75,8.05,CX,1687724438
184,St. John's,47.5649,-52.7093,69.19,77,75,31.07,CA,1687724242
185,Lindi,-10.0,39.7167,66.61,85,0,3.85,TZ,1687724440
186,Formosa,-26.1775,-58.1781,87.78,48,0,6.91,AR,1687724441
187,Corinth,37.9407,22.9573,72.9,76,74,3.71,GR,1687724443
188,Nadym,65.5333,72.5167,39.94,94,52,10.96,RU,1687724444
189,Gdov,58.7406,27.8122,57.97,88,99,7.49,RU,1687724445
190,Longyearbyen,78.2186,15.6401,39.04,87,75,9.22,SJ,1687724446
191,Kiunga,-6.1219,141.2906,74.19,97,100,1.77,PG,1687724447
192,Constanța,44.1833,28.65,72.7,79,75,2.21,RO,1687724449
193,Tottori-shi,35.5,134.2333,71.11,79,100,4.18,JP,1687724407
194,Dryden,49.7833,-92.7503,66.49,68,100,16.11,CA,1687724451
195,Galway,53.2719,-9.0489,58.08,78,3,14.9,IE,1687724453
196,Nishinoomote,30.7333,131.0,76.93,88,100,9.24,JP,1687724454
197,Winchester,51.0651,-1.3187,68.18,56,20,13.8,GB,1687724455
198,Saint-Joseph,-21.3667,55.6167,62.98,78,54,5.88,RE,1687724456
199,Boguchany,58.3814,97.4531,54.52,80,100,3.38,RU,1687724457
200,Fortaleza,-3.7227,-38.5247,82.53,74,0,14.97,BR,1687724458
201,Gandia,38.9667,-0.1833,86.41,63,0,1.99,ES,1687724460
202,Rongelap,11.1635,166.8941,82.51,80,16,19.1,MH,1687724461
203,Saint Croix,17.7397,-64.7388,84.65,66,20,11.5,VI,1687724463
204,Touros,-5.1989,-35.4608,78.8,77,10,13.8,BR,1687724223
205,San Patricio,28.017,-97.5169,101.12,46,0,17.45,US,1687724465
206,Urangan,-25.3,152.9,64.65,87,14,7.38,AU,1687724466
207,Carutapera,-1.195,-46.02,81.95,76,62,6.73,BR,1687724231
208,Tamanghasset,22.785,5.5228,82.31,30,40,4.61,DZ,1687724468
209,Kismayo,-0.3582,42.5454,77.31,78,69,17.13,SO,1687724469
210,Choibalsan,48.0667,114.5,62.78,75,2,4.85,MN,1687724471
211,Barranca,-10.75,-77.7667,72.37,71,12,10.94,PE,1687724305
212,Nelson Bay,-32.7167,152.15,55.99,45,2,10.0,AU,1687724474
213,Chuguyevka,44.1653,133.8633,64.69,92,62,3.49,RU,1687724475
214,Morinville,53.8001,-113.652,67.78,73,40,10.36,CA,1687724476
215,Kisanga,-7.4362,37.7034,68.52,75,0,2.68,TZ,1687724477
216,Qingdao,36.0986,120.3719,67.6,100,75,11.18,CN,1687724478
217,San Fernando,15.0286,120.6898,80.33,86,75,3.53,PH,1687724480
218,Ratangarh,28.0833,74.6,89.4,53,60,11.7,IN,1687724481
219,Santa Ana,33.7456,-117.8678,84.42,53,0,8.05,US,1687724246
220,Pauini,-7.7136,-66.9764,84.25,73,100,1.7,BR,1687724483
221,Kingston,17.997,-76.7936,92.25,60,20,24.16,JM,1687724374
222,Whitehorse,60.7161,-135.0538,67.01,42,75,19.57,CA,1687724198
223,Punta Arenas,-53.15,-70.9167,35.71,93,100,9.22,CL,1687724487
224,Rio Grande,-32.035,-52.0986,60.91,95,100,9.1,BR,1687724488
225,Lompoc,34.6391,-120.4579,74.79,72,7,15.99,US,1687724258
226,Suva,-18.1416,178.4415,63.88,88,20,5.75,FJ,1687724491
227,Sitka,57.0531,-135.33,55.29,76,100,9.22,US,1687724492
228,Ust'-Uda,54.1742,103.0304,56.62,93,100,5.99,RU,1687724493
229,Liaoyuan,42.9036,125.1358,67.05,76,41,2.3,CN,1687724420
230,Saint Paul Harbor,57.79,-152.4072,54.91,62,75,12.66,US,1687724496
231,Jamestown,42.097,-79.2353,84.02,57,75,9.22,US,1687724497
232,Bucerías,20.75,-105.3333,89.98,70,20,14.97,MX,1687724498
233,Arraial do Cabo,-22.9661,-42.0278,75.06,78,0,12.66,BR,1687724501
234,Tarija,-21.5355,-64.7296,84.11,15,0,4.61,BO,1687724502
235,Newman,37.3138,-121.0208,80.94,26,0,2.24,US,1687724316
236,Petauke,-14.2426,31.3253,57.6,47,0,8.79,ZM,1687724505
237,Podgornoye,51.735,39.1496,53.82,94,0,2.24,RU,1687724508
238,Valparaíso,-33.0393,-71.6273,64.63,84,75,4.61,CL,1687723917
239,Lubumbashi,-11.6609,27.4794,56.3,54,0,2.46,CD,1687724511
240,Mont-Dore,-22.2833,166.5833,66.99,99,12,1.79,NC,1687724512
241,Papayal,-4.0761,-80.7361,84.79,50,99,5.84,PE,1687724513
242,Mejit,10.2753,170.8646,82.76,77,100,18.77,MH,1687724514
243,Vila Franca do Campo,37.7167,-25.4333,70.21,74,37,2.8,PT,1687724515
244,East London,-33.0153,27.9116,62.24,91,100,14.9,ZA,1687724517
245,Sassandra,4.95,-6.0833,75.7,89,94,9.93,CI,1687724518
246,Sakura,35.7167,140.2333,78.78,99,100,1.14,JP,1687724519
247,Jayapura,-2.5333,140.7,74.59,89,83,2.64,ID,1687724522
248,Puerto Gaitán,4.3133,-72.0816,83.64,71,48,2.24,CO,1687724260
249,Tauranga,-37.6861,176.1667,49.64,90,6,4.68,NZ,1687724524
250,Mount Pearl,47.5166,-52.7813,68.34,77,75,31.07,CA,1687724286
251,Farasān,16.7022,42.1183,88.9,70,99,12.03,SA,1687724528
252,Taguatinga,-12.3857,-46.5711,87.78,23,30,5.3,BR,1687724529
253,Kaka,37.3482,59.6143,81.93,30,4,5.32,TM,1687724530
254,Shingū,33.7333,135.9833,71.2,75,100,4.54,JP,1687724532
255,Zhangaözen,43.3,52.8,73.22,32,2,7.81,KZ,1687724533
256,Aykhal,66.0,111.5,55.35,59,94,8.01,RU,1687724534
257,Geraldton,-28.7667,114.6,50.41,87,100,2.3,AU,1687723844
258,Ilebo,-4.3167,20.5833,74.55,76,72,1.23,CD,1687724537
259,Palikir,6.9248,158.1611,81.34,78,75,9.22,FM,1687724538
260,Farah,32.5,62.5,87.69,14,32,4.54,AF,1687724539
261,Talnakh,69.4865,88.3972,52.07,63,12,4.47,RU,1687723644
262,Kalix,65.853,23.1565,61.45,72,6,2.93,SE,1687724541
263,Yatou,37.15,122.3833,69.12,95,100,20.98,CN,1687724204
264,Bayjī,34.9311,43.487,94.8,12,0,10.67,IQ,1687724544
265,Nova Sintra,14.8667,-24.7167,70.02,81,0,19.44,CV,1687724545
266,Twon-Brass,4.3151,6.2418,78.71,77,92,11.54,NG,1687724547
267,Digboi,27.3833,95.6333,76.86,94,1,2.44,IN,1687724548
268,Mareeba,-17.0,145.4333,66.92,93,85,3.71,AU,1687724549
269,Tegueste,28.5167,-16.3167,72.66,91,40,14.97,ES,1687724550
270,Reggane,26.7158,0.1714,101.66,6,0,9.24,DZ,1687724551
271,São Desidério,-12.3633,-44.9733,85.32,26,78,6.69,BR,1687724552
272,Trairi,-3.2778,-39.2689,80.28,74,9,13.89,BR,1687724553
273,Kiama,-34.6833,150.8667,56.57,53,0,28.99,AU,1687724362
274,Susuman,62.7833,148.1667,70.5,55,8,2.95,RU,1687724557
275,Kochi,9.9399,76.2602,76.98,79,100,7.9,IN,1687724308
276,Nafada,11.0956,11.3327,82.71,61,59,8.86,NG,1687724559
277,Coron,11.9986,120.2043,77.14,88,50,2.91,PH,1687724560
278,Kailua-Kona,19.6406,-155.9956,82.36,80,40,10.36,US,1687724562
279,Nicoya,10.1483,-85.452,86.74,63,100,2.37,CR,1687724563
280,Nadvoitsy,63.8667,34.3167,57.65,64,14,6.26,RU,1687724565
281,Sauðarkrokur,65.7461,-19.6394,59.27,64,100,21.25,IS,1687724566
282,Saldanha,-33.0117,17.9442,51.85,84,0,16.71,ZA,1687724567
283,Itamaracá,-7.7478,-34.8256,80.65,84,22,15.08,BR,1687724569
284,Tejen,37.3834,60.5054,83.23,24,0,6.49,TM,1687724570
285,Belen,36.4891,36.2233,69.94,61,0,18.41,TR,1687724571
286,Galveston,29.3669,-94.9669,100.09,69,0,14.97,US,1687724572
287,Merizo Village,13.2658,144.6691,81.16,95,100,14.52,GU,1687724574
288,São Félix do Xingu,-6.6447,-51.995,90.18,41,86,4.21,BR,1687724576
289,Alofi,-19.0595,-169.9187,71.49,94,75,1.14,NU,1687724577
290,Uliastai,47.7417,96.8444,49.17,50,95,5.1,MN,1687724578
291,Aldan,58.6031,125.3894,59.41,69,100,4.74,RU,1687724580
292,Tôlanaro,-25.0319,46.9987,59.07,94,20,0.0,MG,1687724581
293,Gamba,-2.65,10.0,72.77,90,85,4.97,GA,1687724582
294,Aswān,24.0934,32.907,96.1,15,0,9.22,EG,1687724583
295,Soe,-9.8607,124.284,63.82,93,24,3.85,ID,1687724586
296,Vorkuta,67.5,64.0,50.2,64,88,5.75,RU,1687724587
297,Ishikawa,26.4233,127.8214,81.34,89,20,8.05,JP,1687724588
298,Chunskiy,56.0815,99.6342,52.79,98,100,6.98,RU,1687724589
299,Horta,38.5333,-28.6333,69.44,89,75,4.61,PT,1687724591
300,Hilo,19.7297,-155.09,81.25,74,75,12.66,US,1687724592
301,Happy Valley-Goose Bay,53.3168,-60.3315,55.71,67,75,9.22,CA,1687724593
302,Brookings,44.3114,-96.7984,70.14,80,100,19.57,US,1687724417
303,Ghat,24.9647,10.1728,91.76,10,0,9.35,LY,1687724596
304,Bhawānipatna,19.9,83.1667,75.38,94,100,5.35,IN,1687724597
305,Mirny,62.5353,113.9611,59.23,76,100,8.99,RU,1687724599
306,Choele Choel,-39.2667,-65.6833,58.33,55,100,19.48,AR,1687724600
307,Kurchum,48.5722,83.6542,48.96,81,1,8.75,KZ,1687724601
308,Kyela,-9.5833,33.85,69.03,78,76,1.63,TZ,1687724603
309,Saint-Leu,-21.15,55.2833,63.46,82,23,10.8,RE,1687724604
310,Leeton,-34.5667,146.4,41.9,83,0,10.94,AU,1687724605
311,Coquimbo,-29.9533,-71.3436,64.13,77,0,9.22,CL,1687724410
312,Luanda,-8.8368,13.2343,71.6,83,85,10.36,AO,1687724555
313,Mandera,3.9366,41.867,82.26,46,91,23.15,KE,1687724610
314,Ketchikan,55.3422,-131.6461,66.67,68,75,4.61,US,1687724613
315,Fedorovka,53.6314,62.7078,53.83,91,100,11.65,KZ,1687724614
316,Tambura,5.6,27.4667,68.47,96,73,3.24,SS,1687724615
317,Wynyard,-41.0,145.7167,47.17,93,87,6.15,AU,1687724616
318,Bamboo Flat,11.7,92.7167,82.27,82,100,11.12,IN,1687724618
319,Mwene-Ditu,-7.0,23.45,69.82,42,0,2.84,CD,1687724620
320,Melfi,40.9965,15.6514,66.76,84,0,3.6,IT,1687724622
321,Huarmey,-10.0681,-78.1522,75.13,69,4,9.78,PE,1687724624
322,Nantucket,41.2835,-70.0995,77.09,90,100,6.91,US,1687724447
323,Uturoa,-16.7333,-151.4333,81.21,71,55,17.54,PF,1687724626
324,Acapulco de Juárez,16.8634,-99.8901,85.82,74,75,8.05,MX,1687724627
325,Lae,-6.7221,146.9847,74.07,93,100,3.11,PG,1687724628
326,Chamdo,31.1667,97.2333,41.81,38,0,1.99,CN,1687724629
327,Aksu,41.1231,80.2644,75.15,34,100,18.34,CN,1687724631
328,Al Ḩāmūl,31.3115,31.1477,73.87,65,0,5.7,EG,1687724632
329,El Sauzal de Rodríguez,31.9,-116.6833,69.42,62,0,12.37,MX,1687724634
330,Port Lincoln,-34.7333,135.8667,52.29,72,4,9.51,AU,1687724635
331,Kourou,5.1552,-52.6478,82.45,73,27,6.11,GF,1687724636
332,Prince Rupert,54.3161,-130.3201,60.89,89,0,10.36,CA,1687724474
333,Fauske,67.2588,15.3918,58.95,78,34,1.86,NO,1687724638
334,Lagos,6.5833,3.75,75.15,83,99,5.28,NG,1687724604
335,Vilyuysk,63.7553,121.6247,65.68,57,100,5.08,RU,1687724641
336,Socorro,31.6546,-106.3033,103.86,8,0,4.61,US,1687724642
337,Ola,59.5833,151.2833,52.18,77,8,2.64,RU,1687724644
338,Hirara,24.8,125.2833,80.46,94,20,4.61,JP,1687724645
339,Inhambane,-23.865,35.3833,64.02,83,0,5.35,MZ,1687724646
340,Onega,63.9061,38.1404,57.4,57,59,6.29,RU,1687724647
341,Manismata,-2.4667,111.0333,72.23,99,54,1.59,ID,1687724648
342,Sandnessjøen,66.0217,12.6316,63.12,72,0,10.36,NO,1687724650
343,Manicoré,-5.8092,-61.3003,92.05,47,92,2.66,BR,1687724651
344,Puerto Aisén,-45.4,-72.7,39.88,100,100,2.26,CL,1687724652
345,Jishou,28.3167,109.7167,70.84,91,0,0.13,CN,1687724653
346,Aţ Ţaraf,25.3628,49.725,91.94,15,3,5.23,SA,1687724654
347,Nouadhibou,20.931,-17.0347,71.58,78,1,17.27,MR,1687724225
348,Kenai,60.5544,-151.2583,60.89,56,100,13.8,US,1687724658
349,Bayanhongor,46.7167,100.1167,44.78,60,5,2.89,MN,1687724659
350,Kununurra,-15.7667,128.7333,69.78,88,100,0.0,AU,1687724660
351,Puerto Baquerizo Moreno,-0.9,-89.6,76.77,80,98,12.15,EC,1687724661
352,Holualoa,19.6228,-155.9522,78.64,80,40,10.36,US,1687724662
353,Lázaro Cárdenas,17.9583,-102.2,87.93,61,80,11.43,MX,1687724663
354,Buritis,-15.6178,-46.4233,78.01,33,100,3.44,BR,1687724665
355,Taroa,8.7058,171.2275,83.05,78,95,17.72,MH,1687724666
356,Okakarara,-20.5833,17.4333,56.34,30,0,6.55,NA,1687724668
357,Cidreira,-30.1811,-50.2056,70.57,82,26,6.46,BR,1687724669
358,Dodge City,37.7528,-100.0171,85.24,39,0,9.22,US,1687724670
359,Diego de Almagro,-26.3667,-70.05,79.95,18,0,10.22,CL,1687724672
360,Itoman,26.1247,127.6694,81.37,96,20,9.22,JP,1687724673
361,Hobyo,5.3505,48.5268,78.03,83,100,27.69,SO,1687724674
362,Santa Cruz de la Sierra,-17.8,-63.1667,86.05,62,40,17.27,BO,1687724508
363,Chonchi,-42.6128,-73.8092,49.21,87,100,11.48,CL,1687724676
364,Sisimiut,66.9395,-53.6735,43.03,65,12,9.46,GL,1687724677
365,Arkhara,49.4212,130.0842,65.7,97,97,4.29,RU,1687724679
366,Bumba,2.1833,22.4667,70.81,98,87,2.13,CD,1687724680
367,Oye-Plage,50.9771,2.0428,73.11,81,0,19.33,FR,1687724682
368,Alvarães,-3.2208,-64.8042,91.27,58,90,2.19,BR,1687724683
369,Glace Bay,46.1969,-59.957,73.89,89,75,11.5,CA,1687724668
370,Palmer,42.1584,-72.3287,88.77,61,26,3.0,US,1687723885
371,Nuuk,64.1835,-51.7216,45.21,61,4,12.66,GL,1687724686
372,Cannonvale,-20.2833,148.7,69.19,88,21,4.85,AU,1687724687
373,Djibo,14.1022,-1.6306,90.3,40,100,4.92,BF,1687724689
374,As Sulayyil,20.4607,45.5779,98.85,10,13,8.34,SA,1687724690
375,Yemetsk,63.4721,41.7941,59.54,59,84,5.44,RU,1687724692
376,Ondjiva,-17.0667,15.7333,62.64,34,0,4.61,AO,1687724693
377,Bahía de Kino,28.8333,-111.9333,114.93,31,17,9.37,MX,1687724694
378,Kolonia Town,6.964,158.206,82.4,78,75,9.22,FM,1687724695
379,Mālvan,16.0667,73.4667,81.61,83,97,15.12,IN,1687724697
380,Bousso,10.4795,16.7117,78.04,69,12,1.07,TD,1687724698
381,Yemva,62.59,50.8594,50.79,78,29,2.17,RU,1687724699
382,Mahuta,-10.8667,39.45,60.53,93,0,1.39,TZ,1687724700
383,Koné,-21.0595,164.8658,60.26,76,11,1.79,NC,1687724702
384,Leppävirta,62.4901,27.7826,58.01,78,5,2.55,FI,1687724703
385,Beaufort West,-32.3567,22.583,51.28,88,53,11.95,ZA,1687724658
386,Cologne,50.9333,6.95,83.05,52,0,4.61,DE,1687724499
387,Mildura,-34.2,142.15,46.08,81,0,12.26,AU,1687724708
388,Codrington,-38.2667,141.9667,53.1,80,98,20.18,AU,1687724710
389,Ürümqi,43.801,87.6005,67.15,49,0,8.95,CN,1687724711
390,Desaguadero,-16.5656,-69.0417,56.48,15,0,3.2,PE,1687724713
391,Mazamari,-11.3258,-74.5308,89.15,40,5,2.51,PE,1687724714
392,Adrar,20.5022,-10.0711,95.22,11,0,9.44,MR,1687724716
393,Baabda,33.8339,35.5442,75.61,39,0,4.14,LB,1687724717
394,Badīyah,22.45,58.8,81.57,73,15,5.61,OM,1687724718
395,Dêqên,29.9618,90.7188,53.65,56,7,5.21,CN,1687724719
396,Masterton,-40.9597,175.6575,44.29,95,28,4.38,NZ,1687724720
397,Sinan,34.8262,126.1086,73.51,98,100,18.03,KR,1687724721
398,Šibenik,43.7272,15.9058,76.66,53,0,5.99,HR,1687724723
399,Prestea,5.4327,-2.1428,73.96,87,98,4.7,GH,1687724724
400,Mocímboa,-11.3167,40.35,71.33,76,3,9.48,MZ,1687724725
401,Kuito,-12.3833,16.9333,54.45,36,2,1.21,AO,1687724727
402,Lüderitz,-26.6481,15.1594,56.17,84,0,13.51,NA,1687724728
403,Lyman,48.9884,37.8023,63.39,77,100,13.18,UA,1687724729
404,Ambanja,-13.6833,48.45,72.43,78,77,2.71,MG,1687724730
405,Genhe,50.7833,121.5167,60.15,99,99,2.15,CN,1687724732
406,Palm Coast,29.585,-81.2078,92.1,56,0,8.05,US,1687724643
407,St Ives,50.2086,-5.4875,63.09,74,0,19.1,GB,1687724734
408,Basco,20.4487,121.9702,83.19,80,21,16.11,PH,1687724735
409,Merca,1.7159,44.7717,77.22,82,45,18.81,SO,1687724736
410,Bodø,67.28,14.405,58.95,85,0,9.22,NO,1687724739
411,Port Augusta,-32.5,137.7667,46.53,68,88,6.44,AU,1687724740
412,Yeppoon,-23.1333,150.7333,62.38,91,92,2.91,AU,1687724741
413,Aguilares,-27.4338,-65.6143,73.72,56,18,2.46,AR,1687724742
414,Belmonte,-15.8631,-38.8828,73.94,80,100,7.11,BR,1687724744
415,Koksan,38.7819,126.6664,66.65,95,100,6.08,KP,1687724745
416,Shiguai,40.7058,110.2856,62.87,64,98,2.62,CN,1687724746
417,Kolasib,24.2333,92.7,72.82,99,100,1.74,IN,1687724748
418,Coahuayana de Hidalgo,18.7,-103.6583,89.56,62,60,10.2,MX,1687724750
419,Mount Holly,35.2982,-81.0159,92.05,49,75,5.75,US,1687724751
420,Burang,30.25,81.1667,46.18,89,53,3.47,CN,1687724753
421,Wau,7.7029,27.9953,74.53,82,78,4.56,SS,1687724754
422,Lávrio,37.7145,24.0565,81.86,61,86,5.26,GR,1687724756
423,Amboasary,-25.0333,46.3833,59.0,74,4,2.68,MG,1687724757
424,Kayangel,8.0823,134.7173,82.87,78,100,14.0,PW,1687724758
425,Thunder Bay,48.4001,-89.3168,62.58,88,100,12.66,CA,1687724759
426,Bardai,11.65,7.2333,76.51,74,49,7.29,NG,1687724761
427,Minas de Marcona,-15.2119,-75.1103,65.19,58,0,6.35,PE,1687724762
428,Kochubey,44.3861,46.5825,79.95,49,72,1.79,RU,1687724764
429,Arkhangelsk,64.5401,40.5433,57.34,71,83,4.72,RU,1687724765
430,Alihe,50.5667,123.7167,61.81,99,79,3.89,CN,1687724766
431,North Battleford,52.7834,-108.2847,82.49,34,0,10.36,CA,1687724767
432,São José da Coroa Grande,-8.8978,-35.1478,76.87,80,32,11.74,BR,1687724768
433,Nguigmi,14.2495,13.1092,88.54,47,66,4.72,NE,1687724769
434,Leh,34.1667,77.5833,64.02,42,100,6.08,IN,1687724770
435,Nola,40.922,14.5329,79.63,75,5,4.43,IT,1687724771
436,Bestöbe,52.4994,73.0975,56.88,62,100,4.9,KZ,1687724773
437,Presidente Epitácio,-21.7633,-52.1156,75.34,55,0,3.85,BR,1687724775
438,Greenville,35.6127,-77.3663,89.76,48,0,5.75,US,1687724736
439,Portland,45.5234,-122.6762,82.53,47,20,10.36,US,1687724638
440,Hotan,37.0997,79.9269,80.94,17,0,13.87,CN,1687724778
441,Irbit,57.6705,63.071,47.73,95,98,6.08,RU,1687724779
442,Westport,41.1415,-73.3579,85.48,70,20,6.91,US,1687724749
443,León,21.1167,-101.6667,87.85,43,4,18.19,MX,1687724682
444,Ta`ū,-14.2336,-169.5144,80.58,75,24,5.19,AS,1687724783
445,Oranjemund,-28.55,16.4333,55.56,94,40,8.93,NA,1687724784
446,Uyuni,-20.4597,-66.825,50.77,19,5,6.2,BO,1687724786
447,Weno,7.4515,151.8468,82.35,83,75,3.44,FM,1687724787
448,Ulladulla,-35.35,150.4667,55.09,54,0,18.45,AU,1687724788
449,La Sarre,48.8002,-79.1996,73.98,34,100,6.15,CA,1687724789
450,Ingeniero Guillermo N. Juárez,-23.9,-61.85,88.84,38,0,10.49,AR,1687724791
451,Changuinola,9.4333,-82.5167,81.0,67,100,7.0,PA,1687724556
452,Siocon,7.7061,122.1353,79.03,87,93,4.97,PH,1687724793
453,San José del Guaviare,2.5729,-72.6459,82.38,85,45,2.28,CO,1687724794
454,Labrador City,52.9463,-66.9114,60.71,48,20,9.22,CA,1687724795
455,Bikenibeu Village,1.3673,173.1241,80.56,89,100,8.05,KI,1687724797
456,Toliara,-23.35,43.6667,61.92,64,0,12.01,MG,1687724798
457,Rumoi,43.9344,141.6428,61.07,91,18,4.21,JP,1687724800
458,Hermiston,45.8404,-119.2895,89.71,31,0,4.61,US,1687724681
459,Carnarvon,-24.8667,113.6333,59.29,72,4,12.59,AU,1687724802
460,Cabo San Lucas,22.8909,-109.9124,90.61,75,20,5.75,MX,1687724803
461,Crane,31.3974,-102.3501,108.55,8,0,5.3,US,1687724804
462,Bac Lieu,9.285,105.7244,80.4,83,100,8.08,VN,1687724805
463,Big Spring,32.2504,-101.4787,110.23,6,0,8.05,US,1687724806
464,Obo,5.3998,26.4869,68.72,96,37,2.37,CF,1687724808
465,Yen Vinh,18.6667,105.6667,76.77,92,100,1.57,VN,1687724799
466,Icaño,-28.9193,-65.3282,75.11,54,0,11.83,AR,1687724811
467,Oviedo,43.3603,-5.8448,66.29,91,28,1.99,ES,1687724603
468,Makokou,0.5738,12.8642,70.95,87,96,3.09,GA,1687724813
469,Kuanda,56.3161,116.0806,53.91,92,11,3.02,RU,1687724814
470,Broome,42.2506,-75.833,84.85,63,0,4.0,US,1687724815
471,Turhal,40.3875,36.0811,65.28,78,0,2.59,TR,1687724816
472,Jonquière,48.4165,-71.2488,75.31,27,91,6.62,CA,1687724645
473,Vaasa,63.096,21.6158,65.28,98,0,5.75,FI,1687724819
474,Zuwārah,32.9312,12.082,74.71,76,0,10.42,LY,1687724820
475,Mustafābād,30.8922,73.4989,92.91,51,97,12.08,PK,1687724822
476,Menongue,-14.6585,17.691,54.66,38,0,4.54,AO,1687724824
477,Nemuro,43.3236,145.575,53.89,99,74,5.46,JP,1687724826
478,Walvis Bay,-22.9575,14.5053,57.09,88,16,2.3,NA,1687724827
479,Banes,20.9625,-75.7186,86.0,69,50,13.33,CU,1687724828
480,Khenifra,32.9333,-5.6667,89.92,18,41,10.51,MA,1687724829
481,Garoowe,8.4054,48.4845,80.46,54,100,27.81,SO,1687724830
482,Ebaye,8.7748,167.7392,84.22,74,40,17.27,MH,1687724833
483,South Boston,42.3334,-71.0495,87.71,71,75,10.36,US,1687724835
484,Kiknur,57.3034,47.2011,52.16,81,93,6.8,RU,1687724836
485,Enewetak,11.3474,162.3373,82.02,81,100,21.21,MH,1687724837
486,Manthani,18.65,79.6667,80.65,79,100,13.91,IN,1687724838
487,Tosontsengel,48.7567,98.2839,44.58,69,62,1.9,MN,1687724839
488,Zaterechnyy,44.7931,45.2097,79.43,54,82,5.68,RU,1687724840
489,Dazhong,33.1997,120.4578,72.48,95,100,11.32,CN,1687724842
490,Chaohu,31.6,117.8667,73.13,95,100,8.41,CN,1687724792
491,Tekirdağ,40.978,27.5085,67.35,65,0,2.46,TR,1687724800
492,Howrah,22.5892,88.3103,82.4,94,75,3.44,IN,1687724846
493,Xuchang,34.0167,113.8167,72.16,80,10,2.39,CN,1687724847
494,Mitchell,43.7094,-98.0298,76.98,52,100,19.57,US,1687724554
495,Sudislavl',57.8817,41.7083,54.77,81,41,1.88,RU,1687724850
496,At Tāj,24.2049,23.2857,85.87,20,0,12.21,LY,1687724851
497,Rivera,-30.9053,-55.5508,73.89,74,46,4.99,UY,1687724777
498,Katiola,8.1333,-5.1,77.31,77,88,3.71,CI,1687724854
499,Tieling,42.2931,123.8414,68.43,80,95,4.45,CN,1687724855
500,Gofitskoye,45.0792,43.0464,69.87,78,1,3.49,RU,1687724858
501,Ulsteinvik,62.3432,5.8487,66.97,81,44,1.01,NO,1687724859
502,Belyy Yar,53.6039,91.3903,53.49,87,0,0.0,RU,1687724860
503,Marsa Alam,25.0757,34.8918,87.94,42,0,3.31,EG,1687724861
504,Port Moresby,-9.4431,147.1797,72.82,94,20,5.75,PG,1687724863
505,Manokwari,-0.8667,134.0833,78.53,78,97,4.12,ID,1687724864
506,Qarazhal,48.0078,70.7903,61.92,33,53,8.3,KZ,1687724865
507,Munirābād,15.3333,76.3333,77.63,78,100,17.85,IN,1687724866
508,Smithers,54.7804,-127.1743,75.52,35,20,9.22,CA,1687724868
509,Mercedes,-34.6515,-59.4307,63.64,57,100,5.32,AR,1687724799
510,Bonthe,7.5264,-12.505,77.43,88,99,5.41,SL,1687724871
511,Elliot Lake,46.3834,-82.6331,76.28,56,100,9.86,CA,1687724872
512,Luziânia,-16.2525,-47.9503,73.09,36,100,5.17,BR,1687724846
513,Inari,68.906,27.0288,62.8,73,68,10.31,FI,1687724874
514,La Mira,18.035,-102.3266,88.16,61,88,11.61,MX,1687724875
515,Pimentel,-6.8367,-79.9342,77.29,69,100,10.36,PE,1687724876
516,Neiafu,-18.65,-173.9833,68.68,94,20,0.0,TO,1687724877
517,Uzgen,40.7699,73.3007,62.89,71,100,4.27,KG,1687724879
518,San Antonio de Palé,-1.4014,5.6325,75.07,81,8,3.94,GQ,1687724881
519,Egilsstadir,65.2653,-14.3948,57.11,67,75,16.11,IS,1687724882
520,Maamba,-17.3667,27.15,59.68,47,0,3.11,ZM,1687724883
521,Gaspé,48.8334,-64.4819,64.62,77,75,4.61,CA,1687724884
522,Madimba,-10.4,40.3333,72.48,76,3,10.69,TZ,1687724421
523,Manavālakurichi,8.1333,77.3,78.94,81,100,16.93,IN,1687724886
524,Tadine,-21.55,167.8833,66.16,64,12,8.32,NC,1687724887
525,Mariel,22.9875,-82.7536,80.74,66,27,11.95,CU,1687724889
526,Naama,33.2667,-0.3167,85.33,12,2,18.86,DZ,1687724890
527,São Miguel do Araguaia,-13.275,-50.1628,87.64,26,100,4.63,BR,1687724891
528,Dunedin,-45.8742,170.5036,48.79,93,100,3.0,NZ,1687724621
529,Togur,58.3631,82.8265,44.04,85,69,3.02,RU,1687724894
530,Caleta de Carquín,-11.0925,-77.6267,72.72,72,14,11.12,PE,1687724895
531,Marlin,31.3063,-96.898,99.27,27,5,15.17,US,1687724896
532,Saran,47.9501,1.876,80.62,50,0,9.22,FR,1687724897
533,Pisco,-13.7,-76.2167,71.65,68,20,11.5,PE,1687724899
534,Yuzhno-Kurilsk,44.0306,145.8556,54.55,96,88,4.43,RU,1687724900
535,Saynshand,44.8824,110.1163,72.66,43,70,10.74,MN,1687724901
536,Kapuskasing,49.4169,-82.4331,64.4,68,100,9.22,CA,1687724902
537,Kerikeri,-35.2268,173.9474,54.91,96,74,2.39,NZ,1687724904
538,Tazacorte,28.629,-17.9293,73.15,86,75,18.41,ES,1687724906
539,Polyarny,69.1989,33.4478,48.54,95,74,12.44,RU,1687724907
540,Xinzhi,36.4989,111.7047,73.85,58,18,1.92,CN,1687724909
541,Miles City,46.4083,-105.8406,76.17,43,0,4.61,US,1687724910
542,Islamorada,24.9243,-80.6278,82.0,87,100,1.99,US,1687724911
543,Kuta,-8.7233,115.1723,75.15,94,20,5.01,ID,1687724912
544,Kemijärvi,66.7131,27.4306,65.62,58,92,3.4,FI,1687724913
545,Hadibu,12.65,54.0333,79.02,80,55,27.0,YE,1687724915
546,Fuman,37.2273,49.3142,72.09,44,0,3.96,IR,1687724916
547,Dzerzhinsk,56.2389,43.4631,55.22,81,0,0.0,RU,1687724918
548,Monte Carmelo,-18.7247,-47.4986,70.5,43,100,6.15,BR,1687724919
549,Porto de Moz,-1.7483,-52.2383,81.57,76,100,2.39,BR,1687724920
550,Saint-Pierre,-21.3393,55.4781,64.08,68,75,10.36,RE,1687724921
551,Queenstown,-31.8976,26.8753,50.18,87,83,5.61,ZA,1687724922
552,Al Burayqah,30.4062,19.5739,75.2,79,0,9.86,LY,1687724923
553,Saint-Philippe,-21.3585,55.7679,63.99,77,22,8.3,RE,1687724925
554,Luwuk,-0.9516,122.7875,76.8,86,76,3.06,ID,1687724926
555,Chernyshevsk,52.5243,117.0174,56.08,96,73,3.58,RU,1687724928
556,Roanoke,37.271,-79.9414,90.63,52,40,11.5,US,1687724660
557,Altamira,-3.2033,-52.2064,89.69,51,20,3.44,BR,1687724930
558,Cherdyn',60.403,56.4787,46.02,80,8,3.13,RU,1687724931
559,Moose Jaw,50.4001,-105.5344,80.85,26,45,4.61,CA,1687724932
560,San Ignacio,17.1561,-89.0714,98.74,39,75,9.22,BZ,1687724933
561,Gainesville,29.6516,-82.3248,94.71,43,0,5.75,US,1687724769
562,Madingou,-4.1536,13.55,75.85,74,96,5.37,CG,1687724936
563,Yaren,-0.5472,166.916,82.94,70,73,5.82,NR,1687724937
564,Keelung,25.1283,121.7419,82.09,85,94,2.26,TW,1687724939
565,Undurkhaan,47.3194,110.6556,62.37,66,47,2.08,MN,1687724940
566,Jiagedaqi,50.4167,124.1167,61.72,98,34,1.23,CN,1687724941
567,Baiyin,36.5583,104.2081,67.64,43,7,7.25,CN,1687724942
568,Keren,15.7778,38.4581,79.77,50,0,2.46,ER,1687724943
569,Dolinsk,47.35,142.8,60.67,86,100,9.35,RU,1687724945
570,Mian Channu,30.44,72.3543,101.34,33,17,14.32,PK,1687724947
571,Juneau,58.3019,-134.4197,59.22,94,100,3.44,US,1687724892
572,Stephenville,32.2207,-98.2023,104.25,29,0,4.61,US,1687724949
573,Mourniés,35.4764,24.0092,77.4,69,40,0.0,GR,1687724950
574,Ebon,4.582,168.6964,81.01,77,100,13.11,MH,1687724952
575,Puerto Armuelles,8.2833,-82.8667,87.78,74,100,5.01,PA,1687724953
576,Xique Xique,-10.8217,-42.7311,82.78,42,100,10.2,BR,1687724954
577,Griffith,41.5284,-87.4237,85.1,54,75,20.71,US,1687724955
578,Zlatoust,55.1711,59.6508,45.99,88,100,3.53,RU,1687724956
579,Gizo Government Station,-8.103,156.8419,81.41,78,100,22.59,SB,1687724958
580,Taltal,-25.4,-70.4833,66.9,71,24,4.14,CL,1687724959
581,San Pedro Pochutla,15.7333,-96.4667,87.51,74,100,6.04,MX,1687724960
582,Waat,51.1454,6.4958,81.77,63,15,2.3,DE,1687724961
583,Burē,10.7,37.0667,59.2,89,79,2.89,ET,1687724963
584,Sollefteå,63.1667,17.2667,62.46,78,6,4.05,SE,1687724964
